title_de_CH,title_fr_CH,title_it_CH,title_rm_CH,date,shortcode,domain,status,type,district,name,entity_id,counted,yeas,nays,invalid,empty,eligible_voters,expats
Änderung vom 19. März 2021 des Covid-19-Gesetzes,Modification du 19 mars 2021 de la loi COVID-19,Modifica del 19 marzo 2021 della legge COVID-19,Midada dals 19 da mars 2021 da la Lescha COVID-19,2021-11-28,E3,federation,final,proposal,Albula,Albula/Alvra,3542,True,303,254,5,4,957,
Änderung vom 19. März 2021 des Covid-19-Gesetzes,Modification du 19 mars 2021 de la loi COVID-19,Modifica del 19 marzo 2021 della legge COVID-19,Midada dals 19 da mars 2021 da la Lescha COVID-19,2021-11-28,E3,federation,final,proposal,Albula,Bergün Filisur,3544,True,282,142,2,6,657,
Änderung vom 19. März 2021 des Covid-19-Gesetzes,Modification du 19 mars 2021 de la loi COVID-19,Modifica del 19 marzo 2021 della legge COVID-19,Midada dals 19 da mars 2021 da la Lescha COVID-19,2021-11-28,E3,federation,final,proposal,Albula,Lantsch/Lenz,3513,True,171,101,3,2,394,
Änderung vom 19. März 2021 des Covid-19-Gesetzes,Modification du 19 mars 2021 de la loi COVID-19,Modifica del 19 marzo 2021 della legge COVID-19,Midada dals 19 da mars 2021 da la Lescha COVID-19,2021-11-28,E3,federation,final,proposal,Albula,Schmitten (GR),3514,True,56,48,5,0,173,
Änderung vom 19. März 2021 des Covid-19-Gesetzes,Modification du 19 mars 2021 de la loi COVID-19,Modifica del 19 marzo 2021 della legge COVID-19,Midada dals 19 da mars 2021 da la Lescha COVID-19,2021-11-28,E3,federation,final,proposal,Albula,Surses,3543,True,653,421,2,3,1777,
Änderung vom 19. März 2021 des Covid-19-Gesetzes,Modification du 19 mars 2021 de la loi COVID-19,Modifica del 19 marzo 2021 della legge COVID-19,Midada dals 19 da mars 2021 da la Lescha COVID-19,2021-11-28,E3,federation,final,proposal,Albula,Vaz/Obervaz,3506,True,844,472,19,3,1895,
Änderung vom 19. März 2021 des Covid-19-Gesetzes,Modification du 19 mars 2021 de la loi COVID-19,Modifica del 19 marzo 2021 della legge COVID-19,Midada dals 19 da mars 2021 da la Lescha COVID-19,2021-11-28,E3,federation,final,proposal,Bernina,Brusio,3551,True,275,216,1,6,878,
Änderung vom 19. März 2021 des Covid-19-Gesetzes,Modification du 19 mars 2021 de la loi COVID-19,Modifica del 19 marzo 2021 della legge COVID-19,Midada dals 19 da mars 2021 da la Lescha COVID-19,2021-11-28,E3,federation,final,proposal,Bernina,Poschiavo,3561,True,1065,608,27,12,2823,
Änderung vom 19. März 2021 des Covid-19-Gesetzes,Modification du 19 mars 2021 de la loi COVID-19,Modifica del 19 marzo 2021 della legge COVID-19,Midada dals 19 da mars 2021 da la Lescha COVID-19,2021-11-28,E3,federation,final,proposal,Engiadina Bassa/Val Müstair,Samnaun,3752,True,159,219,1,6,500,
Änderung vom 19. März 2021 des Covid-19-Gesetzes,Modification du 19 mars 2021 de la loi COVID-19,Modifica del 19 marzo 2021 della legge COVID-19,Midada dals 19 da mars 2021 da la Lescha COVID-19,2021-11-28,E3,federation,final,proposal,Engiadina Bassa/Val Müstair,Scuol,3762,True,1267,774,20,20,3223,
Änderung vom 19. März 2021 des Covid-19-Gesetzes,Modification du 19 mars 2021 de la loi COVID-19,Modifica del 19 marzo 2021 della legge COVID-19,Midada dals 19 da mars 2021 da la Lescha COVID-19,2021-11-28,E3,federation,final,proposal,Engiadina Bassa/Val Müstair,Val Müstair,3847,True,431,355,12,2,1216,
Änderung vom 19. März 2021 des Covid-19-Gesetzes,Modification du 19 mars 2021 de la loi COVID-19,Modifica del 19 marzo 2021 della legge COVID-19,Midada dals 19 da mars 2021 da la Lescha COVID-19,2021-11-28,E3,federation,final,proposal,Engiadina Bassa/Val Müstair,Valsot,3764,True,237,190,3,1,692,
Änderung vom 19. März 2021 des Covid-19-Gesetzes,Modification du 19 mars 2021 de la loi COVID-19,Modifica del 19 marzo 2021 della legge COVID-19,Midada dals 19 da mars 2021 da la Lescha COVID-19,2021-11-28,E3,federation,final,proposal,Engiadina Bassa/Val Müstair,Zernez,3746,True,436,277,16,1,1072,
Änderung vom 19. März 2021 des Covid-19-Gesetzes,Modification du 19 mars 2021 de la loi COVID-19,Modifica del 19 marzo 2021 della legge COVID-19,Midada dals 19 da mars 2021 da la Lescha COVID-19,2021-11-28,E3,federation,final,proposal,Imboden,Bonaduz,3721,True,1042,561,46,5,2420,
Änderung vom 19. März 2021 des Covid-19-Gesetzes,Modification du 19 mars 2021 de la loi COVID-19,Modifica del 19 marzo 2021 della legge COVID-19,Midada dals 19 da mars 2021 da la Lescha COVID-19,2021-11-28,E3,federation,final,proposal,Imboden,Domat/Ems,3722,True,2035,1130,33,20,5199,
Änderung vom 19. März 2021 des Covid-19-Gesetzes,Modification du 19 mars 2021 de la loi COVID-19,Modifica del 19 marzo 2021 della legge COVID-19,Midada dals 19 da mars 2021 da la Lescha COVID-19,2021-11-28,E3,federation,final,proposal,Imboden,Felsberg,3731,True,821,447,7,6,1891,
Änderung vom 19. März 2021 des Covid-19-Gesetzes,Modification du 19 mars 2021 de la loi COVID-19,Modifica del 19 marzo 2021 della legge COVID-19,Midada dals 19 da mars 2021 da la Lescha COVID-19,2021-11-28,E3,federation,final,proposal,Imboden,Flims,3732,True,945,405,9,11,1933,
Änderung vom 19. März 2021 des Covid-19-Gesetzes,Modification du 19 mars 2021 de la loi COVID-19,Modifica del 19 marzo 2021 della legge COVID-19,Midada dals 19 da mars 2021 da la Lescha COVID-19,2021-11-28,E3,federation,final,proposal,Imboden,Rhäzüns,3723,True,445,235,4,1,1032,
Änderung vom 19. März 2021 des Covid-19-Gesetzes,Modification du 19 mars 2021 de la loi COVID-19,Modifica del 19 marzo 2021 della legge COVID-19,Midada dals 19 da mars 2021 da la Lescha COVID-19,2021-11-28,E3,federation,final,proposal,Imboden,Tamins,3733,True,349,261,13,3,913,
Änderung vom 19. März 2021 des Covid-19-Gesetzes,Modification du 19 mars 2021 de la loi COVID-19,Modifica del 19 marzo 2021 della legge COVID-19,Midada dals 19 da mars 2021 da la Lescha COVID-19,2021-11-28,E3,federation,final,proposal,Imboden,Trin,3734,True,512,257,10,6,1086,
Änderung vom 19. März 2021 des Covid-19-Gesetzes,Modification du 19 mars 2021 de la loi COVID-19,Modifica del 19 marzo 2021 della legge COVID-19,Midada dals 19 da mars 2021 da la Lescha COVID-19,2021-11-28,E3,federation,final,proposal,Landquart,Fläsch,3951,True,255,171,9,3,646,
Änderung vom 19. März 2021 des Covid-19-Gesetzes,Modification du 19 mars 2021 de la loi COVID-19,Modifica del 19 marzo 2021 della legge COVID-19,Midada dals 19 da mars 2021 da la Lescha COVID-19,2021-11-28,E3,federation,final,proposal,Landquart,Jenins,3952,True,292,211,9,2,714,
Änderung vom 19. März 2021 des Covid-19-Gesetzes,Modification du 19 mars 2021 de la loi COVID-19,Modifica del 19 marzo 2021 della legge COVID-19,Midada dals 19 da mars 2021 da la Lescha COVID-19,2021-11-28,E3,federation,final,proposal,Landquart,Landquart,3955,True,2072,1638,73,16,5871,
Änderung vom 19. März 2021 des Covid-19-Gesetzes,Modification du 19 mars 2021 de la loi COVID-19,Modifica del 19 marzo 2021 della legge COVID-19,Midada dals 19 da mars 2021 da la Lescha COVID-19,2021-11-28,E3,federation,final,proposal,Landquart,Maienfeld,3953,True,1026,625,9,7,2390,
Änderung vom 19. März 2021 des Covid-19-Gesetzes,Modification du 19 mars 2021 de la loi COVID-19,Modifica del 19 marzo 2021 della legge COVID-19,Midada dals 19 da mars 2021 da la Lescha COVID-19,2021-11-28,E3,federation,final,proposal,Landquart,Malans,3954,True,873,490,19,10,1869,
Änderung vom 19. März 2021 des Covid-19-Gesetzes,Modification du 19 mars 2021 de la loi COVID-19,Modifica del 19 marzo 2021 della legge COVID-19,Midada dals 19 da mars 2021 da la Lescha COVID-19,2021-11-28,E3,federation,final,proposal,Landquart,Trimmis,3945,True,933,773,27,5,2434,
Änderung vom 19. März 2021 des Covid-19-Gesetzes,Modification du 19 mars 2021 de la loi COVID-19,Modifica del 19 marzo 2021 della legge COVID-19,Midada dals 19 da mars 2021 da la Lescha COVID-19,2021-11-28,E3,federation,final,proposal,Landquart,Untervaz,3946,True,662,604,8,0,1963,
Änderung vom 19. März 2021 des Covid-19-Gesetzes,Modification du 19 mars 2021 de la loi COVID-19,Modifica del 19 marzo 2021 della legge COVID-19,Midada dals 19 da mars 2021 da la Lescha COVID-19,2021-11-28,E3,federation,final,proposal,Landquart,Zizers,3947,True,896,711,16,5,2562,
Änderung vom 19. März 2021 des Covid-19-Gesetzes,Modification du 19 mars 2021 de la loi COVID-19,Modifica del 19 marzo 2021 della legge COVID-19,Midada dals 19 da mars 2021 da la Lescha COVID-19,2021-11-28,E3,federation,final,proposal,Maloja,Bever,3781,True,194,112,0,1,438,
Änderung vom 19. März 2021 des Covid-19-Gesetzes,Modification du 19 mars 2021 de la loi COVID-19,Modifica del 19 marzo 2021 della legge COVID-19,Midada dals 19 da mars 2021 da la Lescha COVID-19,2021-11-28,E3,federation,final,proposal,Maloja,Bregaglia,3792,True,450,271,19,5,1243,
Änderung vom 19. März 2021 des Covid-19-Gesetzes,Modification du 19 mars 2021 de la loi COVID-19,Modifica del 19 marzo 2021 della legge COVID-19,Midada dals 19 da mars 2021 da la Lescha COVID-19,2021-11-28,E3,federation,final,proposal,Maloja,Celerina/Schlarigna,3782,True,431,194,5,3,983,
Änderung vom 19. März 2021 des Covid-19-Gesetzes,Modification du 19 mars 2021 de la loi COVID-19,Modifica del 19 marzo 2021 della legge COVID-19,Midada dals 19 da mars 2021 da la Lescha COVID-19,2021-11-28,E3,federation,final,proposal,Maloja,La Punt Chamues-ch,3785,True,155,151,3,0,485,
Änderung vom 19. März 2021 des Covid-19-Gesetzes,Modification du 19 mars 2021 de la loi COVID-19,Modifica del 19 marzo 2021 della legge COVID-19,Midada dals 19 da mars 2021 da la Lescha COVID-19,2021-11-28,E3,federation,final,proposal,Maloja,Madulain,3783,True,55,35,0,0,143,
Änderung vom 19. März 2021 des Covid-19-Gesetzes,Modification du 19 mars 2021 de la loi COVID-19,Modifica del 19 marzo 2021 della legge COVID-19,Midada dals 19 da mars 2021 da la Lescha COVID-19,2021-11-28,E3,federation,final,proposal,Maloja,Pontresina,3784,True,551,264,12,4,1273,
Änderung vom 19. März 2021 des Covid-19-Gesetzes,Modification du 19 mars 2021 de la loi COVID-19,Modifica del 19 marzo 2021 della legge COVID-19,Midada dals 19 da mars 2021 da la Lescha COVID-19,2021-11-28,E3,federation,final,proposal,Maloja,Samedan,3786,True,831,451,19,10,1958,
Änderung vom 19. März 2021 des Covid-19-Gesetzes,Modification du 19 mars 2021 de la loi COVID-19,Modifica del 19 marzo 2021 della legge COVID-19,Midada dals 19 da mars 2021 da la Lescha COVID-19,2021-11-28,E3,federation,final,proposal,Maloja,S-chanf,3788,True,147,144,8,3,493,
Änderung vom 19. März 2021 des Covid-19-Gesetzes,Modification du 19 mars 2021 de la loi COVID-19,Modifica del 19 marzo 2021 della legge COVID-19,Midada dals 19 da mars 2021 da la Lescha COVID-19,2021-11-28,E3,federation,final,proposal,Maloja,Sils im Engadin/Segl,3789,True,198,88,0,1,443,
Änderung vom 19. März 2021 des Covid-19-Gesetzes,Modification du 19 mars 2021 de la loi COVID-19,Modifica del 19 marzo 2021 della legge COVID-19,Midada dals 19 da mars 2021 da la Lescha COVID-19,2021-11-28,E3,federation,final,proposal,Maloja,Silvaplana,3790,True,251,162,10,0,654,
Änderung vom 19. März 2021 des Covid-19-Gesetzes,Modification du 19 mars 2021 de la loi COVID-19,Modifica del 19 marzo 2021 della legge COVID-19,Midada dals 19 da mars 2021 da la Lescha COVID-19,2021-11-28,E3,federation,final,proposal,Maloja,St. Moritz,3787,True,1043,536,33,5,2663,
Änderung vom 19. März 2021 des Covid-19-Gesetzes,Modification du 19 mars 2021 de la loi COVID-19,Modifica del 19 marzo 2021 della legge COVID-19,Midada dals 19 da mars 2021 da la Lescha COVID-19,2021-11-28,E3,federation,final,proposal,Maloja,Zuoz,3791,True,352,149,1,0,722,
Änderung vom 19. März 2021 des Covid-19-Gesetzes,Modification du 19 mars 2021 de la loi COVID-19,Modifica del 19 marzo 2021 della legge COVID-19,Midada dals 19 da mars 2021 da la Lescha COVID-19,2021-11-28,E3,federation,final,proposal,Moesa,Buseno,3804,True,25,13,0,0,76,
Änderung vom 19. März 2021 des Covid-19-Gesetzes,Modification du 19 mars 2021 de la loi COVID-19,Modifica del 19 marzo 2021 della legge COVID-19,Midada dals 19 da mars 2021 da la Lescha COVID-19,2021-11-28,E3,federation,final,proposal,Moesa,Calanca,3837,True,65,32,1,0,191,
Änderung vom 19. März 2021 des Covid-19-Gesetzes,Modification du 19 mars 2021 de la loi COVID-19,Modifica del 19 marzo 2021 della legge COVID-19,Midada dals 19 da mars 2021 da la Lescha COVID-19,2021-11-28,E3,federation,final,proposal,Moesa,Cama,3831,True,111,84,5,1,384,
Änderung vom 19. März 2021 des Covid-19-Gesetzes,Modification du 19 mars 2021 de la loi COVID-19,Modifica del 19 marzo 2021 della legge COVID-19,Midada dals 19 da mars 2021 da la Lescha COVID-19,2021-11-28,E3,federation,final,proposal,Moesa,Castaneda,3805,True,63,70,1,1,245,
Änderung vom 19. März 2021 des Covid-19-Gesetzes,Modification du 19 mars 2021 de la loi COVID-19,Modifica del 19 marzo 2021 della legge COVID-19,Midada dals 19 da mars 2021 da la Lescha COVID-19,2021-11-28,E3,federation,final,proposal,Moesa,Grono,3832,True,306,202,3,5,906,
Änderung vom 19. März 2021 des Covid-19-Gesetzes,Modification du 19 mars 2021 de la loi COVID-19,Modifica del 19 marzo 2021 della legge COVID-19,Midada dals 19 da mars 2021 da la Lescha COVID-19,2021-11-28,E3,federation,final,proposal,Moesa,Lostallo,3821,True,205,144,0,9,588,
Änderung vom 19. März 2021 des Covid-19-Gesetzes,Modification du 19 mars 2021 de la loi COVID-19,Modifica del 19 marzo 2021 della legge COVID-19,Midada dals 19 da mars 2021 da la Lescha COVID-19,2021-11-28,E3,federation,final,proposal,Moesa,Mesocco,3822,True,343,243,7,1,966,
Änderung vom 19. März 2021 des Covid-19-Gesetzes,Modification du 19 mars 2021 de la loi COVID-19,Modifica del 19 marzo 2021 della legge COVID-19,Midada dals 19 da mars 2021 da la Lescha COVID-19,2021-11-28,E3,federation,final,proposal,Moesa,Rossa,3808,True,64,37,0,1,177,
Änderung vom 19. März 2021 des Covid-19-Gesetzes,Modification du 19 mars 2021 de la loi COVID-19,Modifica del 19 marzo 2021 della legge COVID-19,Midada dals 19 da mars 2021 da la Lescha COVID-19,2021-11-28,E3,federation,final,proposal,Moesa,Roveredo (GR),3834,True,540,409,2,27,1668,
Änderung vom 19. März 2021 des Covid-19-Gesetzes,Modification du 19 mars 2021 de la loi COVID-19,Modifica del 19 marzo 2021 della legge COVID-19,Midada dals 19 da mars 2021 da la Lescha COVID-19,2021-11-28,E3,federation,final,proposal,Moesa,Santa Maria in Calanca,3810,True,41,26,1,1,100,
Änderung vom 19. März 2021 des Covid-19-Gesetzes,Modification du 19 mars 2021 de la loi COVID-19,Modifica del 19 marzo 2021 della legge COVID-19,Midada dals 19 da mars 2021 da la Lescha COVID-19,2021-11-28,E3,federation,final,proposal,Moesa,San Vittore,3835,True,245,123,1,6,603,
Änderung vom 19. März 2021 des Covid-19-Gesetzes,Modification du 19 mars 2021 de la loi COVID-19,Modifica del 19 marzo 2021 della legge COVID-19,Midada dals 19 da mars 2021 da la Lescha COVID-19,2021-11-28,E3,federation,final,proposal,Moesa,Soazza,3823,True,93,58,2,0,246,
Änderung vom 19. März 2021 des Covid-19-Gesetzes,Modification du 19 mars 2021 de la loi COVID-19,Modifica del 19 marzo 2021 della legge COVID-19,Midada dals 19 da mars 2021 da la Lescha COVID-19,2021-11-28,E3,federation,final,proposal,Plessur,Arosa,3921,True,873,573,9,10,2168,
Änderung vom 19. März 2021 des Covid-19-Gesetzes,Modification du 19 mars 2021 de la loi COVID-19,Modifica del 19 marzo 2021 della legge COVID-19,Midada dals 19 da mars 2021 da la Lescha COVID-19,2021-11-28,E3,federation,final,proposal,Plessur,Chur,3901,True,11177,5206,336,76,26055,
Änderung vom 19. März 2021 des Covid-19-Gesetzes,Modification du 19 mars 2021 de la loi COVID-19,Modifica del 19 marzo 2021 della legge COVID-19,Midada dals 19 da mars 2021 da la Lescha COVID-19,2021-11-28,E3,federation,final,proposal,Plessur,Churwalden,3911,True,512,329,20,7,1386,
Änderung vom 19. März 2021 des Covid-19-Gesetzes,Modification du 19 mars 2021 de la loi COVID-19,Modifica del 19 marzo 2021 della legge COVID-19,Midada dals 19 da mars 2021 da la Lescha COVID-19,2021-11-28,E3,federation,final,proposal,Plessur,Tschiertschen-Praden,3932,True,87,67,0,1,232,
Änderung vom 19. März 2021 des Covid-19-Gesetzes,Modification du 19 mars 2021 de la loi COVID-19,Modifica del 19 marzo 2021 della legge COVID-19,Midada dals 19 da mars 2021 da la Lescha COVID-19,2021-11-28,E3,federation,final,proposal,Prättigau/Davos,Conters im Prättigau,3881,True,51,68,2,0,166,
Änderung vom 19. März 2021 des Covid-19-Gesetzes,Modification du 19 mars 2021 de la loi COVID-19,Modifica del 19 marzo 2021 della legge COVID-19,Midada dals 19 da mars 2021 da la Lescha COVID-19,2021-11-28,E3,federation,final,proposal,Prättigau/Davos,Davos,3851,True,2895,1583,37,25,6744,
Änderung vom 19. März 2021 des Covid-19-Gesetzes,Modification du 19 mars 2021 de la loi COVID-19,Modifica del 19 marzo 2021 della legge COVID-19,Midada dals 19 da mars 2021 da la Lescha COVID-19,2021-11-28,E3,federation,final,proposal,Prättigau/Davos,Fideris,3861,True,148,185,0,0,480,
Änderung vom 19. März 2021 des Covid-19-Gesetzes,Modification du 19 mars 2021 de la loi COVID-19,Modifica del 19 marzo 2021 della legge COVID-19,Midada dals 19 da mars 2021 da la Lescha COVID-19,2021-11-28,E3,federation,final,proposal,Prättigau/Davos,Furna,3862,True,45,66,2,1,159,
Änderung vom 19. März 2021 des Covid-19-Gesetzes,Modification du 19 mars 2021 de la loi COVID-19,Modifica del 19 marzo 2021 della legge COVID-19,Midada dals 19 da mars 2021 da la Lescha COVID-19,2021-11-28,E3,federation,final,proposal,Prättigau/Davos,Grüsch,3961,True,583,580,5,5,1659,
Änderung vom 19. März 2021 des Covid-19-Gesetzes,Modification du 19 mars 2021 de la loi COVID-19,Modifica del 19 marzo 2021 della legge COVID-19,Midada dals 19 da mars 2021 da la Lescha COVID-19,2021-11-28,E3,federation,final,proposal,Prättigau/Davos,Jenaz,3863,True,261,344,0,4,874,
Änderung vom 19. März 2021 des Covid-19-Gesetzes,Modification du 19 mars 2021 de la loi COVID-19,Modifica del 19 marzo 2021 della legge COVID-19,Midada dals 19 da mars 2021 da la Lescha COVID-19,2021-11-28,E3,federation,final,proposal,Prättigau/Davos,Klosters,3871,True,1083,1137,6,8,3145,
Änderung vom 19. März 2021 des Covid-19-Gesetzes,Modification du 19 mars 2021 de la loi COVID-19,Modifica del 19 marzo 2021 della legge COVID-19,Midada dals 19 da mars 2021 da la Lescha COVID-19,2021-11-28,E3,federation,final,proposal,Prättigau/Davos,Küblis,3882,True,151,256,10,2,619,
Änderung vom 19. März 2021 des Covid-19-Gesetzes,Modification du 19 mars 2021 de la loi COVID-19,Modifica del 19 marzo 2021 della legge COVID-19,Midada dals 19 da mars 2021 da la Lescha COVID-19,2021-11-28,E3,federation,final,proposal,Prättigau/Davos,Luzein,3891,True,330,599,5,7,1269,
Änderung vom 19. März 2021 des Covid-19-Gesetzes,Modification du 19 mars 2021 de la loi COVID-19,Modifica del 19 marzo 2021 della legge COVID-19,Midada dals 19 da mars 2021 da la Lescha COVID-19,2021-11-28,E3,federation,final,proposal,Prättigau/Davos,Schiers,3962,True,568,654,10,4,1896,
Änderung vom 19. März 2021 des Covid-19-Gesetzes,Modification du 19 mars 2021 de la loi COVID-19,Modifica del 19 marzo 2021 della legge COVID-19,Midada dals 19 da mars 2021 da la Lescha COVID-19,2021-11-28,E3,federation,final,proposal,Prättigau/Davos,Seewis im Prättigau,3972,True,367,384,8,1,1069,
Änderung vom 19. März 2021 des Covid-19-Gesetzes,Modification du 19 mars 2021 de la loi COVID-19,Modifica del 19 marzo 2021 della legge COVID-19,Midada dals 19 da mars 2021 da la Lescha COVID-19,2021-11-28,E3,federation,final,proposal,Surselva,Breil/Brigels,3981,True,492,396,3,6,1383,
Änderung vom 19. März 2021 des Covid-19-Gesetzes,Modification du 19 mars 2021 de la loi COVID-19,Modifica del 19 marzo 2021 della legge COVID-19,Midada dals 19 da mars 2021 da la Lescha COVID-19,2021-11-28,E3,federation,final,proposal,Surselva,Disentis/Mustér,3982,True,719,359,5,4,1559,
Änderung vom 19. März 2021 des Covid-19-Gesetzes,Modification du 19 mars 2021 de la loi COVID-19,Modifica del 19 marzo 2021 della legge COVID-19,Midada dals 19 da mars 2021 da la Lescha COVID-19,2021-11-28,E3,federation,final,proposal,Surselva,Falera,3572,True,220,107,0,6,467,
Änderung vom 19. März 2021 des Covid-19-Gesetzes,Modification du 19 mars 2021 de la loi COVID-19,Modifica del 19 marzo 2021 della legge COVID-19,Midada dals 19 da mars 2021 da la Lescha COVID-19,2021-11-28,E3,federation,final,proposal,Surselva,Ilanz/Glion,3619,True,1289,982,20,10,3537,
Änderung vom 19. März 2021 des Covid-19-Gesetzes,Modification du 19 mars 2021 de la loi COVID-19,Modifica del 19 marzo 2021 della legge COVID-19,Midada dals 19 da mars 2021 da la Lescha COVID-19,2021-11-28,E3,federation,final,proposal,Surselva,Laax,3575,True,629,335,13,3,1368,
Änderung vom 19. März 2021 des Covid-19-Gesetzes,Modification du 19 mars 2021 de la loi COVID-19,Modifica del 19 marzo 2021 della legge COVID-19,Midada dals 19 da mars 2021 da la Lescha COVID-19,2021-11-28,E3,federation,final,proposal,Surselva,Lumnezia,3618,True,617,495,4,8,1713,
Änderung vom 19. März 2021 des Covid-19-Gesetzes,Modification du 19 mars 2021 de la loi COVID-19,Modifica del 19 marzo 2021 della legge COVID-19,Midada dals 19 da mars 2021 da la Lescha COVID-19,2021-11-28,E3,federation,final,proposal,Surselva,Medel (Lucmagn),3983,True,143,74,0,0,313,
Änderung vom 19. März 2021 des Covid-19-Gesetzes,Modification du 19 mars 2021 de la loi COVID-19,Modifica del 19 marzo 2021 della legge COVID-19,Midada dals 19 da mars 2021 da la Lescha COVID-19,2021-11-28,E3,federation,final,proposal,Surselva,Obersaxen Mundaun,3988,True,373,258,2,5,922,
Änderung vom 19. März 2021 des Covid-19-Gesetzes,Modification du 19 mars 2021 de la loi COVID-19,Modifica del 19 marzo 2021 della legge COVID-19,Midada dals 19 da mars 2021 da la Lescha COVID-19,2021-11-28,E3,federation,final,proposal,Surselva,Safiental,3672,True,300,269,15,9,785,
Änderung vom 19. März 2021 des Covid-19-Gesetzes,Modification du 19 mars 2021 de la loi COVID-19,Modifica del 19 marzo 2021 della legge COVID-19,Midada dals 19 da mars 2021 da la Lescha COVID-19,2021-11-28,E3,federation,final,proposal,Surselva,Sagogn,3581,True,280,120,2,0,562,
Änderung vom 19. März 2021 des Covid-19-Gesetzes,Modification du 19 mars 2021 de la loi COVID-19,Modifica del 19 marzo 2021 della legge COVID-19,Midada dals 19 da mars 2021 da la Lescha COVID-19,2021-11-28,E3,federation,final,proposal,Surselva,Schluein,3582,True,162,108,1,0,413,
Änderung vom 19. März 2021 des Covid-19-Gesetzes,Modification du 19 mars 2021 de la loi COVID-19,Modifica del 19 marzo 2021 della legge COVID-19,Midada dals 19 da mars 2021 da la Lescha COVID-19,2021-11-28,E3,federation,final,proposal,Surselva,Sumvitg,3985,True,375,246,8,2,960,
Änderung vom 19. März 2021 des Covid-19-Gesetzes,Modification du 19 mars 2021 de la loi COVID-19,Modifica del 19 marzo 2021 della legge COVID-19,Midada dals 19 da mars 2021 da la Lescha COVID-19,2021-11-28,E3,federation,final,proposal,Surselva,Trun,3987,True,357,228,4,0,929,
Änderung vom 19. März 2021 des Covid-19-Gesetzes,Modification du 19 mars 2021 de la loi COVID-19,Modifica del 19 marzo 2021 della legge COVID-19,Midada dals 19 da mars 2021 da la Lescha COVID-19,2021-11-28,E3,federation,final,proposal,Surselva,Tujetsch,3986,True,470,156,17,1,969,
Änderung vom 19. März 2021 des Covid-19-Gesetzes,Modification du 19 mars 2021 de la loi COVID-19,Modifica del 19 marzo 2021 della legge COVID-19,Midada dals 19 da mars 2021 da la Lescha COVID-19,2021-11-28,E3,federation,final,proposal,Surselva,Vals,3603,True,307,132,1,4,715,
Änderung vom 19. März 2021 des Covid-19-Gesetzes,Modification du 19 mars 2021 de la loi COVID-19,Modifica del 19 marzo 2021 della legge COVID-19,Midada dals 19 da mars 2021 da la Lescha COVID-19,2021-11-28,E3,federation,final,proposal,Viamala,Andeer,3701,True,249,205,8,1,695,
Änderung vom 19. März 2021 des Covid-19-Gesetzes,Modification du 19 mars 2021 de la loi COVID-19,Modifica del 19 marzo 2021 della legge COVID-19,Midada dals 19 da mars 2021 da la Lescha COVID-19,2021-11-28,E3,federation,final,proposal,Viamala,Avers,3681,True,39,46,2,0,135,
Änderung vom 19. März 2021 des Covid-19-Gesetzes,Modification du 19 mars 2021 de la loi COVID-19,Modifica del 19 marzo 2021 della legge COVID-19,Midada dals 19 da mars 2021 da la Lescha COVID-19,2021-11-28,E3,federation,final,proposal,Viamala,Cazis,3661,True,541,504,3,2,1658,
Änderung vom 19. März 2021 des Covid-19-Gesetzes,Modification du 19 mars 2021 de la loi COVID-19,Modifica del 19 marzo 2021 della legge COVID-19,Midada dals 19 da mars 2021 da la Lescha COVID-19,2021-11-28,E3,federation,final,proposal,Viamala,Domleschg,3673,True,658,556,23,11,1696,
Änderung vom 19. März 2021 des Covid-19-Gesetzes,Modification du 19 mars 2021 de la loi COVID-19,Modifica del 19 marzo 2021 della legge COVID-19,Midada dals 19 da mars 2021 da la Lescha COVID-19,2021-11-28,E3,federation,final,proposal,Viamala,Ferrera,3713,True,23,19,0,0,60,
Änderung vom 19. März 2021 des Covid-19-Gesetzes,Modification du 19 mars 2021 de la loi COVID-19,Modifica del 19 marzo 2021 della legge COVID-19,Midada dals 19 da mars 2021 da la Lescha COVID-19,2021-11-28,E3,federation,final,proposal,Viamala,Flerden,3662,True,72,76,0,1,196,
Änderung vom 19. März 2021 des Covid-19-Gesetzes,Modification du 19 mars 2021 de la loi COVID-19,Modifica del 19 marzo 2021 della legge COVID-19,Midada dals 19 da mars 2021 da la Lescha COVID-19,2021-11-28,E3,federation,final,proposal,Viamala,Fürstenau,3633,True,86,92,1,1,251,
Änderung vom 19. März 2021 des Covid-19-Gesetzes,Modification du 19 mars 2021 de la loi COVID-19,Modifica del 19 marzo 2021 della legge COVID-19,Midada dals 19 da mars 2021 da la Lescha COVID-19,2021-11-28,E3,federation,final,proposal,Viamala,Masein,3663,True,171,103,2,1,394,
Änderung vom 19. März 2021 des Covid-19-Gesetzes,Modification du 19 mars 2021 de la loi COVID-19,Modifica del 19 marzo 2021 della legge COVID-19,Midada dals 19 da mars 2021 da la Lescha COVID-19,2021-11-28,E3,federation,final,proposal,Viamala,Muntogna da Schons,3715,True,108,84,0,4,299,
Änderung vom 19. März 2021 des Covid-19-Gesetzes,Modification du 19 mars 2021 de la loi COVID-19,Modifica del 19 marzo 2021 della legge COVID-19,Midada dals 19 da mars 2021 da la Lescha COVID-19,2021-11-28,E3,federation,final,proposal,Viamala,Rheinwald,3714,True,203,108,1,0,464,
Änderung vom 19. März 2021 des Covid-19-Gesetzes,Modification du 19 mars 2021 de la loi COVID-19,Modifica del 19 marzo 2021 della legge COVID-19,Midada dals 19 da mars 2021 da la Lescha COVID-19,2021-11-28,E3,federation,final,proposal,Viamala,Rongellen,3711,True,10,20,0,1,43,
Änderung vom 19. März 2021 des Covid-19-Gesetzes,Modification du 19 mars 2021 de la loi COVID-19,Modifica del 19 marzo 2021 della legge COVID-19,Midada dals 19 da mars 2021 da la Lescha COVID-19,2021-11-28,E3,federation,final,proposal,Viamala,Rothenbrunnen,3637,True,84,67,0,1,220,
Änderung vom 19. März 2021 des Covid-19-Gesetzes,Modification du 19 mars 2021 de la loi COVID-19,Modifica del 19 marzo 2021 della legge COVID-19,Midada dals 19 da mars 2021 da la Lescha COVID-19,2021-11-28,E3,federation,final,proposal,Viamala,Scharans,3638,True,276,194,3,3,657,
Änderung vom 19. März 2021 des Covid-19-Gesetzes,Modification du 19 mars 2021 de la loi COVID-19,Modifica del 19 marzo 2021 della legge COVID-19,Midada dals 19 da mars 2021 da la Lescha COVID-19,2021-11-28,E3,federation,final,proposal,Viamala,Sils im Domleschg,3640,True,258,193,0,4,656,
Änderung vom 19. März 2021 des Covid-19-Gesetzes,Modification du 19 mars 2021 de la loi COVID-19,Modifica del 19 marzo 2021 della legge COVID-19,Midada dals 19 da mars 2021 da la Lescha COVID-19,2021-11-28,E3,federation,final,proposal,Viamala,Sufers,3695,True,52,27,0,2,106,
Änderung vom 19. März 2021 des Covid-19-Gesetzes,Modification du 19 mars 2021 de la loi COVID-19,Modifica del 19 marzo 2021 della legge COVID-19,Midada dals 19 da mars 2021 da la Lescha COVID-19,2021-11-28,E3,federation,final,proposal,Viamala,Thusis,3668,True,657,459,13,15,1998,
Änderung vom 19. März 2021 des Covid-19-Gesetzes,Modification du 19 mars 2021 de la loi COVID-19,Modifica del 19 marzo 2021 della legge COVID-19,Midada dals 19 da mars 2021 da la Lescha COVID-19,2021-11-28,E3,federation,final,proposal,Viamala,Tschappina,3669,True,54,36,1,0,111,
Änderung vom 19. März 2021 des Covid-19-Gesetzes,Modification du 19 mars 2021 de la loi COVID-19,Modifica del 19 marzo 2021 della legge COVID-19,Midada dals 19 da mars 2021 da la Lescha COVID-19,2021-11-28,E3,federation,final,proposal,Viamala,Urmein,3670,True,71,23,3,1,118,
Änderung vom 19. März 2021 des Covid-19-Gesetzes,Modification du 19 mars 2021 de la loi COVID-19,Modifica del 19 marzo 2021 della legge COVID-19,Midada dals 19 da mars 2021 da la Lescha COVID-19,2021-11-28,E3,federation,final,proposal,Viamala,Zillis-Reischen,3712,True,101,84,0,0,282,
